{"objectStates":["{\"active\":1,\"position\":{\"x\":-3.0095651149749758,\"y\":1.440226435661316,\"z\":-0.10792409628629685},\"rotation\":{\"x\":-0.4599989354610443,\"y\":-0.4600118398666382,\"z\":0.5369871854782105,\"w\":0.537061333656311},\"velocity\":{\"x\":0.0,\"y\":0.0,\"z\":0.0},\"inertiaTensor\":{\"x\":1.3503786325454713,\"y\":1.3503785133361817,\"z\":1.350366234779358},\"inertiaTensorRotation\":{\"x\":0.000017677615687716752,\"y\":0.00015421290299855173,\"z\":0.49973151087760928,\"w\":0.8661803603172302},\"angularVelocity\":{\"x\":0.0,\"y\":0.0,\"z\":0.0},\"material\":0,\"color\":0,\"size\":1,\"templateIndex\":1}","{\"active\":1,\"position\":{\"x\":-2.382211923599243,\"y\":4.319656848907471,\"z\":0.6384044289588928},\"rotation\":{\"x\":-0.6186380386352539,\"y\":-0.6185488104820252,\"z\":0.34240394830703738,\"w\":0.3427009582519531},\"velocity\":{\"x\":0.0,\"y\":0.0,\"z\":0.0},\"inertiaTensor\":{\"x\":1.3503786325454713,\"y\":1.3503785133361817,\"z\":1.350366234779358},\"inertiaTensorRotation\":{\"x\":0.000017677615687716752,\"y\":0.00015421290299855173,\"z\":0.49973151087760928,\"w\":0.8661803603172302},\"angularVelocity\":{\"x\":0.0,\"y\":0.0,\"z\":0.0},\"material\":0,\"color\":2,\"size\":1,\"templateIndex\":1}","{\"active\":1,\"position\":{\"x\":3.2713351249694826,\"y\":1.4401085376739503,\"z\":-0.3651227056980133},\"rotation\":{\"x\":-0.46297821402549746,\"y\":0.5344125032424927,\"z\":-0.534478485584259,\"w\":-0.46301978826522829},\"velocity\":{\"x\":0.0,\"y\":0.0,\"z\":0.0},\"inertiaTensor\":{\"x\":1.3503786325454713,\"y\":1.3503785133361817,\"z\":1.350366234779358},\"inertiaTensorRotation\":{\"x\":0.000017677615687716752,\"y\":0.00015421290299855173,\"z\":0.49973151087760928,\"w\":0.8661803603172302},\"angularVelocity\":{\"x\":0.0,\"y\":0.0,\"z\":0.0},\"material\":1,\"color\":3,\"size\":1,\"templateIndex\":3}","{\"active\":1,\"position\":{\"x\":2.499950408935547,\"y\":4.318942070007324,\"z\":-0.47748616337776186},\"rotation\":{\"x\":-0.31975433230400088,\"y\":0.3199058771133423,\"z\":-0.6304341554641724,\"w\":0.6308488249778748},\"velocity\":{\"x\":0.0,\"y\":0.0,\"z\":0.0},\"inertiaTensor\":{\"x\":1.3503786325454713,\"y\":1.3503785133361817,\"z\":1.350366234779358},\"inertiaTensorRotation\":{\"x\":0.000017677615687716752,\"y\":0.00015421290299855173,\"z\":0.49973151087760928,\"w\":0.8661803603172302},\"angularVelocity\":{\"x\":0.0,\"y\":0.0,\"z\":0.0},\"material\":1,\"color\":2,\"size\":1,\"templateIndex\":3}","{\"active\":1,\"position\":{\"x\":-7.0466694831848148,\"y\":1.4399281740188599,\"z\":-2.4375038146972658},\"rotation\":{\"x\":0.6744118928909302,\"y\":-0.2125595062971115,\"z\":-0.2125108689069748,\"w\":-0.6744080185890198},\"velocity\":{\"x\":0.0,\"y\":0.0,\"z\":0.0},\"inertiaTensor\":{\"x\":1.3503786325454713,\"y\":1.3503785133361817,\"z\":1.350366234779358},\"inertiaTensorRotation\":{\"x\":0.000017677615687716752,\"y\":0.00015421290299855173,\"z\":0.49973151087760928,\"w\":0.8661803603172302},\"angularVelocity\":{\"x\":0.0,\"y\":0.0,\"z\":0.0},\"material\":1,\"color\":4,\"size\":1,\"templateIndex\":3}","{\"active\":1,\"position\":{\"x\":2.953524351119995,\"y\":7.1971540451049809,\"z\":0.6395532488822937},\"rotation\":{\"x\":0.033845048397779468,\"y\":-0.03311512991786003,\"z\":-0.7062749862670898,\"w\":0.7063523530960083},\"velocity\":{\"x\":0.0,\"y\":0.0,\"z\":0.0},\"inertiaTensor\":{\"x\":1.3503786325454713,\"y\":1.3503785133361817,\"z\":1.350366234779358},\"inertiaTensorRotation\":{\"x\":0.000017677615687716752,\"y\":0.00015421290299855173,\"z\":0.49973151087760928,\"w\":0.8661803603172302},\"angularVelocity\":{\"x\":0.0,\"y\":0.0,\"z\":0.0},\"material\":1,\"color\":1,\"size\":1,\"templateIndex\":3}","{\"active\":1,\"position\":{\"x\":-4.562622547149658,\"y\":0.9599790573120117,\"z\":4.163730144500732},\"rotation\":{\"x\":-0.000020399756976985373,\"y\":0.8450661897659302,\"z\":-0.000009483941539656371,\"w\":-0.5346617698669434},\"velocity\":{\"x\":0.0,\"y\":0.0,\"z\":0.0},\"inertiaTensor\":{\"x\":0.6001685261726379,\"y\":0.6001682877540588,\"z\":0.600162923336029},\"inertiaTensorRotation\":{\"x\":-0.0000618772319285199,\"y\":0.00014036190987098962,\"z\":-0.0037692419718950989,\"w\":0.9999929666519165},\"angularVelocity\":{\"x\":0.0,\"y\":0.0,\"z\":0.0},\"material\":1,\"color\":1,\"size\":0,\"templateIndex\":2}"]}